[
    {
        "name": "nesbot/carbon",
        "version": "2.41.5",
        "version_normalized": "2.41.5.0",
        "source": {
            "type": "git",
            "url": "https://github.com/briannesbitt/Carbon.git",
            "reference": "c4a9caf97cfc53adfc219043bcecf42bc663acee"
        },
        "dist": {
            "type": "zip",
            "url": "https://api.github.com/repos/briannesbitt/Carbon/zipball/c4a9caf97cfc53adfc219043bcecf42bc663acee",
            "reference": "c4a9caf97cfc53adfc219043bcecf42bc663acee",
            "shasum": ""
        },
        "require": {
            "ext-json": "*",
            "php": "^7.1.8 || ^8.0",
            "symfony/polyfill-mbstring": "^1.0",
            "symfony/translation": "^3.4 || ^4.0 || ^5.0"
        },
        "require-dev": {
            "doctrine/orm": "^2.7",
            "friendsofphp/php-cs-fixer": "^2.14 || ^3.0",
            "kylekatarnls/multi-tester": "^2.0",
            "phpmd/phpmd": "^2.9",
            "phpstan/extension-installer": "^1.0",
            "phpstan/phpstan": "^0.12.35",
            "phpunit/phpunit": "^7.5 || ^8.0",
            "squizlabs/php_codesniffer": "^3.4"
        },
        "time": "2020-10-23T06:02:30+00:00",
        "bin": [
            "bin/carbon"
        ],
        "type": "library",
        "extra": {
            "branch-alias": {
                "dev-master": "2.x-dev",
                "dev-3.x": "3.x-dev"
            },
            "laravel": {
                "providers": [
                    "Carbon\\Laravel\\ServiceProvider"
                ]
            },
            "phpstan": {
                "includes": [
                    "extension.neon"
                ]
            }
        },
        "installation-source": "dist",
        "autoload": {
            "psr-4": {
                "Carbon\\": "src/Carbon/"
            }
        },
        "notification-url": "https://packagist.org/downloads/",
        "license": [
            "MIT"
        ],
        "authors": [
            {
                "name": "Brian Nesbitt",
                "email": "brian@nesbot.com",
                "homepage": "http://nesbot.com"
            },
            {
                "name": "kylekatarnls",
                "homepage": "http://github.com/kylekatarnls"
            }
        ],
        "description": "An API extension for DateTime that supports 281 different languages.",
        "homepage": "http://carbon.nesbot.com",
        "keywords": [
            "date",
            "datetime",
            "time"
        ],
        "funding": [
            {
                "url": "https://opencollective.com/Carbon",
                "type": "open_collective"
            },
            {
                "url": "https://tidelift.com/funding/github/packagist/nesbot/carbon",
                "type": "tidelift"
            }
        ]
    },
    {
        "name": "symfony/polyfill-mbstring",
        "version": "v1.20.0",
        "version_normalized": "1.20.0.0",
        "source": {
            "type": "git",
            "url": "https://github.com/symfony/polyfill-mbstring.git",
            "reference": "39d483bdf39be819deabf04ec872eb0b2410b531"
        },
        "dist": {
            "type": "zip",
            "url": "https://api.github.com/repos/symfony/polyfill-mbstring/zipball/39d483bdf39be819deabf04ec872eb0b2410b531",
            "reference": "39d483bdf39be819deabf04ec872eb0b2410b531",
            "shasum": ""
        },
        "require": {
            "php": ">=7.1"
        },
        "suggest": {
            "ext-mbstring": "For best performance"
        },
        "time": "2020-10-23T14:02:19+00:00",
        "type": "library",
        "extra": {
            "branch-alias": {
                "dev-main": "1.20-dev"
            },
            "thanks": {
                "name": "symfony/polyfill",
                "url": "https://github.com/symfony/polyfill"
            }
        },
        "installation-source": "dist",
        "autoload": {
            "psr-4": {
                "Symfony\\Polyfill\\Mbstring\\": ""
            },
            "files": [
                "bootstrap.php"
            ]
        },
        "notification-url": "https://packagist.org/downloads/",
        "license": [
            "MIT"
        ],
        "authors": [
            {
                "name": "Nicolas Grekas",
                "email": "p@tchwork.com"
            },
            {
                "name": "Symfony Community",
                "homepage": "https://symfony.com/contributors"
            }
        ],
        "description": "Symfony polyfill for the Mbstring extension",
        "homepage": "https://symfony.com",
        "keywords": [
            "compatibility",
            "mbstring",
            "polyfill",
            "portable",
            "shim"
        ],
        "funding": [
            {
                "url": "https://symfony.com/sponsor",
                "type": "custom"
            },
            {
                "url": "https://github.com/fabpot",
                "type": "github"
            },
            {
                "url": "https://tidelift.com/funding/github/packagist/symfony/symfony",
                "type": "tidelift"
            }
        ]
    },
    {
        "name": "symfony/polyfill-php80",
        "version": "v1.20.0",
        "version_normalized": "1.20.0.0",
        "source": {
            "type": "git",
            "url": "https://github.com/symfony/polyfill-php80.git",
            "reference": "e70aa8b064c5b72d3df2abd5ab1e90464ad009de"
        },
        "dist": {
            "type": "zip",
            "url": "https://api.github.com/repos/symfony/polyfill-php80/zipball/e70aa8b064c5b72d3df2abd5ab1e90464ad009de",
            "reference": "e70aa8b064c5b72d3df2abd5ab1e90464ad009de",
            "shasum": ""
        },
        "require": {
            "php": ">=7.1"
        },
        "time": "2020-10-23T14:02:19+00:00",
        "type": "library",
        "extra": {
            "branch-alias": {
                "dev-main": "1.20-dev"
            },
            "thanks": {
                "name": "symfony/polyfill",
                "url": "https://github.com/symfony/polyfill"
            }
        },
        "installation-source": "dist",
        "autoload": {
            "psr-4": {
                "Symfony\\Polyfill\\Php80\\": ""
            },
            "files": [
                "bootstrap.php"
            ],
            "classmap": [
                "Resources/stubs"
            ]
        },
        "notification-url": "https://packagist.org/downloads/",
        "license": [
            "MIT"
        ],
        "authors": [
            {
                "name": "Ion Bazan",
                "email": "ion.bazan@gmail.com"
            },
            {
                "name": "Nicolas Grekas",
                "email": "p@tchwork.com"
            },
            {
                "name": "Symfony Community",
                "homepage": "https://symfony.com/contributors"
            }
        ],
        "description": "Symfony polyfill backporting some PHP 8.0+ features to lower PHP versions",
        "homepage": "https://symfony.com",
        "keywords": [
            "compatibility",
            "polyfill",
            "portable",
            "shim"
        ],
        "funding": [
            {
                "url": "https://symfony.com/sponsor",
                "type": "custom"
            },
            {
                "url": "https://github.com/fabpot",
                "type": "github"
            },
            {
                "url": "https://tidelift.com/funding/github/packagist/symfony/symfony",
                "type": "tidelift"
            }
        ]
    },
    {
        "name": "symfony/translation",
        "version": "v5.1.8",
        "version_normalized": "5.1.8.0",
        "source": {
            "type": "git",
            "url": "https://github.com/symfony/translation.git",
            "reference": "27980838fd261e04379fa91e94e81e662fe5a1b6"
        },
        "dist": {
            "type": "zip",
            "url": "https://api.github.com/repos/symfony/translation/zipball/27980838fd261e04379fa91e94e81e662fe5a1b6",
            "reference": "27980838fd261e04379fa91e94e81e662fe5a1b6",
            "shasum": ""
        },
        "require": {
            "php": ">=7.2.5",
            "symfony/polyfill-mbstring": "~1.0",
            "symfony/polyfill-php80": "^1.15",
            "symfony/translation-contracts": "^2"
        },
        "conflict": {
            "symfony/config": "<4.4",
            "symfony/dependency-injection": "<5.0",
            "symfony/http-kernel": "<5.0",
            "symfony/twig-bundle": "<5.0",
            "symfony/yaml": "<4.4"
        },
        "provide": {
            "symfony/translation-implementation": "2.0"
        },
        "require-dev": {
            "psr/log": "~1.0",
            "symfony/config": "^4.4|^5.0",
            "symfony/console": "^4.4|^5.0",
            "symfony/dependency-injection": "^5.0",
            "symfony/finder": "^4.4|^5.0",
            "symfony/http-kernel": "^5.0",
            "symfony/intl": "^4.4|^5.0",
            "symfony/service-contracts": "^1.1.2|^2",
            "symfony/yaml": "^4.4|^5.0"
        },
        "suggest": {
            "psr/log-implementation": "To use logging capability in translator",
            "symfony/config": "",
            "symfony/yaml": ""
        },
        "time": "2020-10-24T12:01:57+00:00",
        "type": "library",
        "installation-source": "dist",
        "autoload": {
            "psr-4": {
                "Symfony\\Component\\Translation\\": ""
            },
            "exclude-from-classmap": [
                "/Tests/"
            ]
        },
        "notification-url": "https://packagist.org/downloads/",
        "license": [
            "MIT"
        ],
        "authors": [
            {
                "name": "Fabien Potencier",
                "email": "fabien@symfony.com"
            },
            {
                "name": "Symfony Community",
                "homepage": "https://symfony.com/contributors"
            }
        ],
        "description": "Symfony Translation Component",
        "homepage": "https://symfony.com",
        "funding": [
            {
                "url": "https://symfony.com/sponsor",
                "type": "custom"
            },
            {
                "url": "https://github.com/fabpot",
                "type": "github"
            },
            {
                "url": "https://tidelift.com/funding/github/packagist/symfony/symfony",
                "type": "tidelift"
            }
        ]
    },
    {
        "name": "symfony/translation-contracts",
        "version": "v2.3.0",
        "version_normalized": "2.3.0.0",
        "source": {
            "type": "git",
            "url": "https://github.com/symfony/translation-contracts.git",
            "reference": "e2eaa60b558f26a4b0354e1bbb25636efaaad105"
        },
        "dist": {
            "type": "zip",
            "url": "https://api.github.com/repos/symfony/translation-contracts/zipball/e2eaa60b558f26a4b0354e1bbb25636efaaad105",
            "reference": "e2eaa60b558f26a4b0354e1bbb25636efaaad105",
            "shasum": ""
        },
        "require": {
            "php": ">=7.2.5"
        },
        "suggest": {
            "symfony/translation-implementation": ""
        },
        "time": "2020-09-28T13:05:58+00:00",
        "type": "library",
        "extra": {
            "branch-alias": {
                "dev-master": "2.3-dev"
            },
            "thanks": {
                "name": "symfony/contracts",
                "url": "https://github.com/symfony/contracts"
            }
        },
        "installation-source": "dist",
        "autoload": {
            "psr-4": {
                "Symfony\\Contracts\\Translation\\": ""
            }
        },
        "notification-url": "https://packagist.org/downloads/",
        "license": [
            "MIT"
        ],
        "authors": [
            {
                "name": "Nicolas Grekas",
                "email": "p@tchwork.com"
            },
            {
                "name": "Symfony Community",
                "homepage": "https://symfony.com/contributors"
            }
        ],
        "description": "Generic abstractions related to translation",
        "homepage": "https://symfony.com",
        "keywords": [
            "abstractions",
            "contracts",
            "decoupling",
            "interfaces",
            "interoperability",
            "standards"
        ],
        "funding": [
            {
                "url": "https://symfony.com/sponsor",
                "type": "custom"
            },
            {
                "url": "https://github.com/fabpot",
                "type": "github"
            },
            {
                "url": "https://tidelift.com/funding/github/packagist/symfony/symfony",
                "type": "tidelift"
            }
        ]
    }
]
